{"Hispanic": 183152.61849999966, "White": 2192728.344849997, "Black": 111986.41661999995, "Asian": 166936.94747999992, "Indigenous": 4427.16705, "Mixed": 4131.456769999993}